population	assembly_accession	wgs_set_name	study_accession	study_title	sample_accession	run_accession	fastq_bytes	number_of_files	instrument_model	library_layout	library_strategy
Tibetan	GCA_000472085	AORO02	PRJNA186497	Sus Genome sequencing and assembly	SAMN01894345	SRR652257	0.008680649399138929	2	Illumina HiSeq 2000	PAIRED	WGS
Tibetan	GCA_000472085	AORO02	PRJNA186497	Sus Genome sequencing and assembly	SAMN01894346	SRR652258	0.010185438212829467	2	Illumina HiSeq 2000	PAIRED	WGS
Tibetan	GCA_000472085	AORO02	PRJNA186497	Sus Genome sequencing and assembly	SAMN01894349	SRR652259	0.008899129984456522	2	Illumina HiSeq 2000	PAIRED	WGS
Tibetan	GCA_000472085	AORO02	PRJNA186497	Sus Genome sequencing and assembly	SAMN01894360	SRR652260	0.01190437592958915	2	Illumina HiSeq 2000	PAIRED	WGS
Tibetan	GCA_000472085	AORO02	PRJNA186497	Sus Genome sequencing and assembly	SAMN01894361	SRR652261	0.011983611458163068	2	Illumina HiSeq 2000	PAIRED	WGS
Tibetan	GCA_000472085	AORO02	PRJNA186497	Sus Genome sequencing and assembly	SAMN01894367	SRR652262	0.013488717968357378	2	Illumina HiSeq 2000	PAIRED	WGS
Tibetan	GCA_000472085	AORO02	PRJNA186497	Sus Genome sequencing and assembly	SAMN01894368	SRR652263	0.010528488744967035	2	Illumina HiSeq 2000	PAIRED	WGS
Tibetan	GCA_000472085	AORO02	PRJNA186497	Sus Genome sequencing and assembly	SAMN01894369	SRR652264	0.008667176937706245	2	Illumina HiSeq 2000	PAIRED	WGS
Tibetan	GCA_000472085	AORO02	PRJNA186497	Sus Genome sequencing and assembly	SAMN01894370	SRR652265	0.014395101419722778	2	Illumina HiSeq 2000	PAIRED	WGS
Tibetan	GCA_000472085	AORO02	PRJNA186497	Sus Genome sequencing and assembly	SAMN01894386	SRR652266	0.010072009637951851	2	Illumina HiSeq 2000	PAIRED	WGS
Tibetan	GCA_000472085	AORO02	PRJNA186497	Sus Genome sequencing and assembly	SAMN01894387	SRR652267	0.007778923491969181	2	Illumina HiSeq 2000	PAIRED	WGS
Tibetan	GCA_000472085	AORO02	PRJNA186497	Sus Genome sequencing and assembly	SAMN01894388	SRR652268	0.01571460910690803	2	Illumina HiSeq 2000	PAIRED	WGS
Tibetan	GCA_000472085	AORO02	PRJNA186497	Sus Genome sequencing and assembly	SAMN01894389	SRR652269	0.011002929225469416	2	Illumina HiSeq 2000	PAIRED	WGS
Tibetan	GCA_000472085	AORO02	PRJNA186497	Sus Genome sequencing and assembly	SAMN01894390	SRR652270	0.01028060066710168	2	Illumina HiSeq 2000	PAIRED	WGS
Tibetan	GCA_000472085	AORO02	PRJNA186497	Sus Genome sequencing and assembly	SAMN01894391	SRR652302	0.015119109520128404	2	Illumina HiSeq 2000	PAIRED	WGS
Tibetan	GCA_000472085	AORO02	PRJNA186497	Sus Genome sequencing and assembly	SAMN01894392	SRR652303	0.012327307592386205	2	Illumina HiSeq 2000	PAIRED	WGS
Tibetan	GCA_000472085	AORO02	PRJNA186497	Sus Genome sequencing and assembly	SAMN01894393	SRR652304	0.009407953963091131	2	Illumina HiSeq 2000	PAIRED	WGS
Tibetan	GCA_000472085	AORO02	PRJNA186497	Sus Genome sequencing and assembly	SAMN01894394	SRR652305	0.012344810824288288	2	Illumina HiSeq 2000	PAIRED	WGS
Tibetan	GCA_000472085	AORO02	PRJNA186497	Sus Genome sequencing and assembly	SAMN01894395	SRR652306	0.010264604978146963	2	Illumina HiSeq 2000	PAIRED	WGS
Tibetan	GCA_000472085	AORO02	PRJNA186497	Sus Genome sequencing and assembly	SAMN01894406	SRR652307	0.01244651900651661	2	Illumina HiSeq 2000	PAIRED	WGS
Tibetan	GCA_000472085	AORO02	PRJNA186497	Sus Genome sequencing and assembly	SAMN01894407	SRR652327	0.012980766995497106	2	Illumina HiSeq 2000	PAIRED	WGS
Tibetan	GCA_000472085	AORO02	PRJNA186497	Sus Genome sequencing and assembly	SAMN01894408	SRR652339	0.010241331192446523	2	Illumina HiSeq 2000	PAIRED	WGS
Tibetan	GCA_000472085	AORO02	PRJNA186497	Sus Genome sequencing and assembly	SAMN01894409	SRR652340	0.011019465142453555	2	Illumina HiSeq 2000	PAIRED	WGS
Tibetan	GCA_000472085	AORO02	PRJNA186497	Sus Genome sequencing and assembly	SAMN01894410	SRR652341	0.00902274976579065	2	Illumina HiSeq 2000	PAIRED	WGS
Tibetan	GCA_000472085	AORO02	PRJNA186497	Sus Genome sequencing and assembly	SAMN01894411	SRR652342	0.008563999101170339	2	Illumina HiSeq 2000	PAIRED	WGS
Tibetan	GCA_000472085	AORO02	PRJNA186497	Sus Genome sequencing and assembly	SAMN01894412	SRR652343	0.009802667907024443	2	Illumina HiSeq 2000	PAIRED	WGS
Tibetan	GCA_000472085	AORO02	PRJNA186497	Sus Genome sequencing and assembly	SAMN01894434	SRR652344	0.015794249956343265	2	Illumina HiSeq 2000	PAIRED	WGS
Tibetan	GCA_000472085	AORO02	PRJNA186497	Sus Genome sequencing and assembly	SAMN01894435	SRR652345	0.012312662806834851	2	Illumina HiSeq 2000	PAIRED	WGS
Tibetan	GCA_000472085	AORO02	PRJNA186497	Sus Genome sequencing and assembly	SAMN01894436	SRR652346	0.016016296553061693	2	Illumina HiSeq 2000	PAIRED	WGS
Tibetan	GCA_000472085	AORO02	PRJNA186497	Sus Genome sequencing and assembly	SAMN01894437	SRR652347	0.012976813720342761	2	Illumina HiSeq 2000	PAIRED	WGS
Tibetan	GCA_000472085	AORO02	PRJNA186497	Sus Genome sequencing and assembly	SAMN01894461	SRR652440	0.013280150047648931	2	Illumina HiSeq 2000	PAIRED	WGS
Tibetan	GCA_000472085	AORO02	PRJNA186497	Sus Genome sequencing and assembly	SAMN01894461	SRR652441	0.005460733559630171	2	Illumina HiSeq 2000	PAIRED	WGS
Tibetan	GCA_000472085	AORO02	PRJNA186497	Sus Genome sequencing and assembly	SAMN01894461	SRR652444	0.025600848874091753	2	Illumina HiSeq 2000	PAIRED	WGS
Tibetan	GCA_000472085	AORO02	PRJNA186497	Sus Genome sequencing and assembly	SAMN01894461	SRR652450	0.009665285909250088	2	Illumina HiSeq 2000	PAIRED	WGS
Tibetan	GCA_000472085	AORO02	PRJNA186497	Sus Genome sequencing and assembly	SAMN01894461	SRR652439	0.010104732523359417	2	Illumina HiSeq 2000	PAIRED	WGS
Tibetan	GCA_000472085	AORO02	PRJNA186497	Sus Genome sequencing and assembly	SAMN01894461	SRR652449	0.005126188500980788	2	Illumina HiSeq 2000	PAIRED	WGS
Tibetan	GCA_000472085	AORO02	PRJNA186497	Sus Genome sequencing and assembly	SAMN01894461	SRR652442	0.024179678302971297	2	Illumina HiSeq 2000	PAIRED	WGS
Tibetan	GCA_000472085	AORO02	PRJNA186497	Sus Genome sequencing and assembly	SAMN01894461	SRR652443	0.0336918512784905	2	Illumina HiSeq 2000	PAIRED	WGS
Tibetan	GCA_000472085	AORO02	PRJNA186497	Sus Genome sequencing and assembly	SAMN01894461	SRR652445	0.00970046474958508	2	Illumina HiSeq 2000	PAIRED	WGS
Tibetan	GCA_000472085	AORO02	PRJNA186497	Sus Genome sequencing and assembly	SAMN01894461	SRR652446	0.0168818922356877	2	Illumina HiSeq 2000	PAIRED	WGS
Tibetan	GCA_000472085	AORO02	PRJNA186497	Sus Genome sequencing and assembly	SAMN01894461	SRR652448	0.07196879457205796	2	Illumina HiSeq 2000	PAIRED	WGS
Penzhou	GCA_000472085	AORO02	PRJNA186497	Sus Genome sequencing and assembly	SAMN01894438	SRR652348	0.008347705706000852	2	Illumina HiSeq 2000	PAIRED	WGS
Penzhou	GCA_000472085	AORO02	PRJNA186497	Sus Genome sequencing and assembly	SAMN01894439	SRR652349	0.009937766382790869	2	Illumina HiSeq 2000	PAIRED	WGS
Penzhou	GCA_000472085	AORO02	PRJNA186497	Sus Genome sequencing and assembly	SAMN01894440	SRR652350	0.011802773498857277	2	Illumina HiSeq 2000	PAIRED	WGS
Wujin	GCA_000472085	AORO02	PRJNA186497	Sus Genome sequencing and assembly	SAMN01894441	SRR652351	0.013917344973378931	2	Illumina HiSeq 2000	PAIRED	WGS
Wujin	GCA_000472085	AORO02	PRJNA186497	Sus Genome sequencing and assembly	SAMN01894442	SRR652352	0.012385169556182518	2	Illumina HiSeq 2000	PAIRED	WGS
Wujin	GCA_000472085	AORO02	PRJNA186497	Sus Genome sequencing and assembly	SAMN01894443	SRR652353	0.009365283050101425	2	Illumina HiSeq 2000	PAIRED	WGS
Yanan	GCA_000472085	AORO02	PRJNA186497	Sus Genome sequencing and assembly	SAMN01894444	SRR652354	0.010243707075460406	2	Illumina HiSeq 2000	PAIRED	WGS
Yanan	GCA_000472085	AORO02	PRJNA186497	Sus Genome sequencing and assembly	SAMN01894445	SRR652355	0.007860333424105193	2	Illumina HiSeq 2000	PAIRED	WGS
Yanan	GCA_000472085	AORO02	PRJNA186497	Sus Genome sequencing and assembly	SAMN01894446	SRR652356	0.00950172410466621	2	Illumina HiSeq 2000	PAIRED	WGS
Neijiang	GCA_000472085	AORO02	PRJNA186497	Sus Genome sequencing and assembly	SAMN01894447	SRR652357	0.012953464866768627	2	Illumina HiSeq 2000	PAIRED	WGS
Neijiang	GCA_000472085	AORO02	PRJNA186497	Sus Genome sequencing and assembly	SAMN01894448	SRR652362	0.014198343923453649	2	Illumina HiSeq 2000	PAIRED	WGS
Neijiang	GCA_000472085	AORO02	PRJNA186497	Sus Genome sequencing and assembly	SAMN01894452	SRR652363	0.008081435712483653	2	Illumina HiSeq 2000	PAIRED	WGS
Jinhua	GCA_000472085	AORO02	PRJNA186497	Sus Genome sequencing and assembly	SAMN01894455	SRR652374	0.008278325355604466	2	Illumina HiSeq 2000	PAIRED	WGS
Jinhua	GCA_000472085	AORO02	PRJNA186497	Sus Genome sequencing and assembly	SAMN01894456	SRR652375	0.010128604754754633	2	Illumina HiSeq 2000	PAIRED	WGS
Jinhua	GCA_000472085	AORO02	PRJNA186497	Sus Genome sequencing and assembly	SAMN01894457	SRR652376	0.008531572656465869	2	Illumina HiSeq 2000	PAIRED	WGS
Jinhua	GCA_001700135	LUXX01	PRJNA309108	Sus scrofa Genome sequencing and assembly	SAMN04440480	SRR3123382	0.043297271718074626	2	Illumina HiSeq 2500	PAIRED	WGS
Jinhua	GCA_001700135	LUXX01	PRJNA309108	Sus scrofa Genome sequencing and assembly	SAMN04440480	SRR3123387	0.02318668073439767	2	Illumina HiSeq 2500	PAIRED	WGS
Jinhua	GCA_001700135	LUXX01	PRJNA309108	Sus scrofa Genome sequencing and assembly	SAMN04440480	SRR3123375	0.045213841936856625	2	Illumina HiSeq 2500	PAIRED	WGS
Jinhua	GCA_001700135	LUXX01	PRJNA309108	Sus scrofa Genome sequencing and assembly	SAMN04440480	SRR3123377	0.036564886438100075	2	Illumina HiSeq 2500	PAIRED	WGS
Jinhua	GCA_001700135	LUXX01	PRJNA309108	Sus scrofa Genome sequencing and assembly	SAMN04440480	SRR3123381	0.031336923402705	2	Illumina HiSeq 2500	PAIRED	WGS
Jinhua	GCA_001700135	LUXX01	PRJNA309108	Sus scrofa Genome sequencing and assembly	SAMN04440480	SRR3123384	0.019775222678617865	2	Illumina HiSeq 2500	PAIRED	WGS
Ningxiang	GCA_020567905	JADCTU01	PRJNA531381	Sus scrofa domesticus breed:Ningxiang Genome sequencing and assembly	SAMN18035060	SRR13775064	0.1666376959228728	2	HiSeq X Ten	PAIRED	WGS
Ningxiang	GCA_020567905	JADCTU01	PRJNA531381	Sus scrofa domesticus breed:Ningxiang Genome sequencing and assembly	SAMN22234336	SRR13786952	0.02915771012158075	2	HiSeq X Ten	PAIRED	WGS
Ningxiang	GCA_020567905	JADCTU01	PRJNA531381	Sus scrofa domesticus breed:Ningxiang Genome sequencing and assembly	SAMN22234337	SRR13786951	0.027691450352904212	2	HiSeq X Ten	PAIRED	WGS
Ningxiang	GCA_020567905	JADCTU01	PRJNA531381	Sus scrofa domesticus breed:Ningxiang Genome sequencing and assembly	SAMN22234338	SRR13786949	0.026698140194639564	2	HiSeq X Ten	PAIRED	WGS
Ningxiang	GCA_020567905	JADCTU01	PRJNA531381	Sus scrofa domesticus breed:Ningxiang Genome sequencing and assembly	SAMN22234339	SRR13786948	0.03029181071815401	2	HiSeq X Ten	PAIRED	WGS
Ningxiang	GCA_020567905	JADCTU01	PRJNA531381	Sus scrofa domesticus breed:Ningxiang Genome sequencing and assembly	SAMN22234340	SRR13786947	0.02730059805617202	2	HiSeq X Ten	PAIRED	WGS
Ningxiang	GCA_020567905	JADCTU01	PRJNA531381	Sus scrofa domesticus breed:Ningxiang Genome sequencing and assembly	SAMN22234341	SRR13786946	0.027123124698846368	2	HiSeq X Ten	PAIRED	WGS
Ningxiang	GCA_020567905	JADCTU01	PRJNA531381	Sus scrofa domesticus breed:Ningxiang Genome sequencing and assembly	SAMN22234342	SRR13786945	0.030891912969309487	2	HiSeq X Ten	PAIRED	WGS
Ningxiang	GCA_020567905	JADCTU01	PRJNA531381	Sus scrofa domesticus breed:Ningxiang Genome sequencing and assembly	SAMN22234691	SRR12805724	0.001827393782150466	2	Illumina NovaSeq 6000	PAIRED	RNA-Seq
Ningxiang	GCA_020567905	JADCTU01	PRJNA531381	Sus scrofa domesticus breed:Ningxiang Genome sequencing and assembly	SAMN22234691	SRR12805717	0.007170861793383665	2	Illumina NovaSeq 6000	PAIRED	RNA-Seq
Ningxiang	GCA_020567905	JADCTU01	PRJNA531381	Sus scrofa domesticus breed:Ningxiang Genome sequencing and assembly	SAMN22234692	SRR12805716	0.006694274744404538	2	Illumina NovaSeq 6000	PAIRED	RNA-Seq
Ningxiang	GCA_020567905	JADCTU01	PRJNA531381	Sus scrofa domesticus breed:Ningxiang Genome sequencing and assembly	SAMN22234692	SRR12805723	0.0014062845757507603	2	Illumina NovaSeq 6000	PAIRED	RNA-Seq
Ningxiang	GCA_020567905	JADCTU01	PRJNA531381	Sus scrofa domesticus breed:Ningxiang Genome sequencing and assembly	SAMN22234693	SRR12805715	0.0063258913778554415	2	Illumina NovaSeq 6000	PAIRED	RNA-Seq
Ningxiang	GCA_020567905	JADCTU01	PRJNA531381	Sus scrofa domesticus breed:Ningxiang Genome sequencing and assembly	SAMN22234693	SRR12805719	0.0020713883177450043	2	Illumina NovaSeq 6000	PAIRED	RNA-Seq
Ningxiang	GCA_020567905	JADCTU01	PRJNA531381	Sus scrofa domesticus breed:Ningxiang Genome sequencing and assembly	SAMN22234694	SRR12805728	0.00575322202166717	2	Illumina NovaSeq 6000	PAIRED	RNA-Seq
Ningxiang	GCA_020567905	JADCTU01	PRJNA531381	Sus scrofa domesticus breed:Ningxiang Genome sequencing and assembly	SAMN22234694	SRR12805711	0.001336789313427289	2	Illumina NovaSeq 6000	PAIRED	RNA-Seq
Ningxiang	GCA_020567905	JADCTU01	PRJNA531381	Sus scrofa domesticus breed:Ningxiang Genome sequencing and assembly	SAMN22234695	SRR12805726	0.0015667064717490575	2	Illumina NovaSeq 6000	PAIRED	RNA-Seq
Ningxiang	GCA_020567905	JADCTU01	PRJNA531381	Sus scrofa domesticus breed:Ningxiang Genome sequencing and assembly	SAMN22234695	SRR12805727	0.005622035352644161	2	Illumina NovaSeq 6000	PAIRED	RNA-Seq
Ningxiang	GCA_020567905	JADCTU01	PRJNA531381	Sus scrofa domesticus breed:Ningxiang Genome sequencing and assembly	SAMN22234696	SRR12805718	0.00598780871314375	2	Illumina NovaSeq 6000	PAIRED	RNA-Seq
Ningxiang	GCA_020567905	JADCTU01	PRJNA531381	Sus scrofa domesticus breed:Ningxiang Genome sequencing and assembly	SAMN22234696	SRR12805725	0.0015568691751468577	2	Illumina NovaSeq 6000	PAIRED	RNA-Seq
Ningxiang	GCA_020567905	JADCTU01	PRJNA531381	Sus scrofa domesticus breed:Ningxiang Genome sequencing and assembly	SAMN22234697	SRR12805714	0.0063735428784639225	2	Illumina NovaSeq 6000	PAIRED	RNA-Seq
Ningxiang	GCA_020567905	JADCTU01	PRJNA531381	Sus scrofa domesticus breed:Ningxiang Genome sequencing and assembly	SAMN22234697	SRR12805722	0.0015412504226333112	2	Illumina NovaSeq 6000	PAIRED	RNA-Seq
Ningxiang	GCA_020567905	JADCTU01	PRJNA531381	Sus scrofa domesticus breed:Ningxiang Genome sequencing and assembly	SAMN22234698	SRR12805721	0.0009608298105376889	2	Illumina NovaSeq 6000	PAIRED	RNA-Seq
Ningxiang	GCA_020567905	JADCTU01	PRJNA531381	Sus scrofa domesticus breed:Ningxiang Genome sequencing and assembly	SAMN22234698	SRR12805713	0.0066405490279066726	2	Illumina NovaSeq 6000	PAIRED	RNA-Seq
Ningxiang	GCA_020567905	JADCTU01	PRJNA531381	Sus scrofa domesticus breed:Ningxiang Genome sequencing and assembly	SAMN22234699	SRR12805720	0.0013302808947628364	2	Illumina NovaSeq 6000	PAIRED	RNA-Seq
Ningxiang	GCA_020567905	JADCTU01	PRJNA531381	Sus scrofa domesticus breed:Ningxiang Genome sequencing and assembly	SAMN22234699	SRR12805712	0.00631086470275477	2	Illumina NovaSeq 6000	PAIRED	RNA-Seq
Debao	GCA_020567905	JADCTU01	PRJNA531381	Sus scrofa domesticus breed:Ningxiang Genome sequencing and assembly	SAMN22234287	SRR13786995	0.026709076023507805	2	HiSeq X Ten	PAIRED	WGS
Debao	GCA_020567905	JADCTU01	PRJNA531381	Sus scrofa domesticus breed:Ningxiang Genome sequencing and assembly	SAMN22234288	SRR13786994	0.0263818385947161	2	HiSeq X Ten	PAIRED	WGS
Debao	GCA_020567905	JADCTU01	PRJNA531381	Sus scrofa domesticus breed:Ningxiang Genome sequencing and assembly	SAMN22234289	SRR13786983	0.024432290974800708	2	HiSeq X Ten	PAIRED	WGS
Debao	GCA_020567905	JADCTU01	PRJNA531381	Sus scrofa domesticus breed:Ningxiang Genome sequencing and assembly	SAMN22234290	SRR13786972	0.030962476946115203	2	HiSeq X Ten	PAIRED	WGS
Debao	GCA_020567905	JADCTU01	PRJNA531381	Sus scrofa domesticus breed:Ningxiang Genome sequencing and assembly	SAMN22234291	SRR13786961	0.026120863582946185	2	HiSeq X Ten	PAIRED	WGS
Debao	GCA_020567905	JADCTU01	PRJNA531381	Sus scrofa domesticus breed:Ningxiang Genome sequencing and assembly	SAMN22234292	SRR13786950	0.0287727572804215	2	HiSeq X Ten	PAIRED	WGS
Debao	GCA_020567905	JADCTU01	PRJNA531381	Sus scrofa domesticus breed:Ningxiang Genome sequencing and assembly	SAMN22234293	SRR13786943	0.02791276920652308	2	HiSeq X Ten	PAIRED	WGS
Qinshaohua	GCA_020567905	JADCTU01	PRJNA531381	Sus scrofa domesticus breed:Ningxiang Genome sequencing and assembly	SAMN22234294	SRR13786942	0.030172963419317966	2	HiSeq X Ten	PAIRED	WGS
Qinshaohua	GCA_020567905	JADCTU01	PRJNA531381	Sus scrofa domesticus breed:Ningxiang Genome sequencing and assembly	SAMN22234295	SRR13786941	0.029756030965472746	2	HiSeq X Ten	PAIRED	WGS
Qinshaohua	GCA_020567905	JADCTU01	PRJNA531381	Sus scrofa domesticus breed:Ningxiang Genome sequencing and assembly	SAMN22234296	SRR13786940	0.03421829195940518	2	HiSeq X Ten	PAIRED	WGS
Qinshaohua	GCA_020567905	JADCTU01	PRJNA531381	Sus scrofa domesticus breed:Ningxiang Genome sequencing and assembly	SAMN22234297	SRR13786993	0.034467795077944174	2	HiSeq X Ten	PAIRED	WGS
Qinshaohua	GCA_020567905	JADCTU01	PRJNA531381	Sus scrofa domesticus breed:Ningxiang Genome sequencing and assembly	SAMN22234298	SRR13786992	0.03210762489288754	2	HiSeq X Ten	PAIRED	WGS
Qinshaohua	GCA_020567905	JADCTU01	PRJNA531381	Sus scrofa domesticus breed:Ningxiang Genome sequencing and assembly	SAMN22234299	SRR13786991	0.02722531217841606	2	HiSeq X Ten	PAIRED	WGS
Qinshaohua	GCA_020567905	JADCTU01	PRJNA531381	Sus scrofa domesticus breed:Ningxiang Genome sequencing and assembly	SAMN22234300	SRR13786990	0.027506601334607694	2	HiSeq X Ten	PAIRED	WGS
Xiaoer	GCA_020567905	JADCTU01	PRJNA531381	Sus scrofa domesticus breed:Ningxiang Genome sequencing and assembly	SAMN22234301	SRR13786989	0.02467107622032927	2	HiSeq X Ten	PAIRED	WGS
Xiaoer	GCA_020567905	JADCTU01	PRJNA531381	Sus scrofa domesticus breed:Ningxiang Genome sequencing and assembly	SAMN22234302	SRR13786988	0.02942309018180822	2	HiSeq X Ten	PAIRED	WGS
Xiaoer	GCA_020567905	JADCTU01	PRJNA531381	Sus scrofa domesticus breed:Ningxiang Genome sequencing and assembly	SAMN22234303	SRR13786987	0.026854122634176747	2	HiSeq X Ten	PAIRED	WGS
Xiaoer	GCA_020567905	JADCTU01	PRJNA531381	Sus scrofa domesticus breed:Ningxiang Genome sequencing and assembly	SAMN22234304	SRR13786986	0.048829971817212936	2	HiSeq X Ten	PAIRED	WGS
Xiaoer	GCA_020567905	JADCTU01	PRJNA531381	Sus scrofa domesticus breed:Ningxiang Genome sequencing and assembly	SAMN22234305	SRR13786985	0.03645088314260647	2	HiSeq X Ten	PAIRED	WGS
Xiaoer	GCA_020567905	JADCTU01	PRJNA531381	Sus scrofa domesticus breed:Ningxiang Genome sequencing and assembly	SAMN22234306	SRR13786984	0.027918476534978254	2	HiSeq X Ten	PAIRED	WGS
Xiaoer	GCA_020567905	JADCTU01	PRJNA531381	Sus scrofa domesticus breed:Ningxiang Genome sequencing and assembly	SAMN22234307	SRR13786944	0.03861187235725083	2	HiSeq X Ten	PAIRED	WGS
Hechuan	GCA_020567905	JADCTU01	PRJNA531381	Sus scrofa domesticus breed:Ningxiang Genome sequencing and assembly	SAMN22234308	SRR13786982	0.04499571474752884	2	HiSeq X Ten	PAIRED	WGS
Hechuan	GCA_020567905	JADCTU01	PRJNA531381	Sus scrofa domesticus breed:Ningxiang Genome sequencing and assembly	SAMN22234309	SRR13786981	0.028605649289602297	2	HiSeq X Ten	PAIRED	WGS
Hechuan	GCA_020567905	JADCTU01	PRJNA531381	Sus scrofa domesticus breed:Ningxiang Genome sequencing and assembly	SAMN22234310	SRR13786980	0.025692644114315044	2	HiSeq X Ten	PAIRED	WGS
Hechuan	GCA_020567905	JADCTU01	PRJNA531381	Sus scrofa domesticus breed:Ningxiang Genome sequencing and assembly	SAMN22234311	SRR13786979	0.028507218183221994	2	HiSeq X Ten	PAIRED	WGS
Hechuan	GCA_020567905	JADCTU01	PRJNA531381	Sus scrofa domesticus breed:Ningxiang Genome sequencing and assembly	SAMN22234312	SRR13786978	0.026537994438513124	2	HiSeq X Ten	PAIRED	WGS
Hechuan	GCA_020567905	JADCTU01	PRJNA531381	Sus scrofa domesticus breed:Ningxiang Genome sequencing and assembly	SAMN22234313	SRR13786977	0.027282765335257864	2	HiSeq X Ten	PAIRED	WGS
Hechuan	GCA_020567905	JADCTU01	PRJNA531381	Sus scrofa domesticus breed:Ningxiang Genome sequencing and assembly	SAMN22234314	SRR13786976	0.03150255807577196	2	HiSeq X Ten	PAIRED	WGS
Tiegu	GCA_020567905	JADCTU01	PRJNA531381	Sus scrofa domesticus breed:Ningxiang Genome sequencing and assembly	SAMN22234315	SRR13786975	0.030194982701686968	2	HiSeq X Ten	PAIRED	WGS
Tiegu	GCA_020567905	JADCTU01	PRJNA531381	Sus scrofa domesticus breed:Ningxiang Genome sequencing and assembly	SAMN22234316	SRR13786974	0.027655264500936028	2	HiSeq X Ten	PAIRED	WGS
Tiegu	GCA_020567905	JADCTU01	PRJNA531381	Sus scrofa domesticus breed:Ningxiang Genome sequencing and assembly	SAMN22234317	SRR13786973	0.026874259911892295	2	HiSeq X Ten	PAIRED	WGS
Tiegu	GCA_020567905	JADCTU01	PRJNA531381	Sus scrofa domesticus breed:Ningxiang Genome sequencing and assembly	SAMN22234318	SRR13786971	0.0273463721950975	2	HiSeq X Ten	PAIRED	WGS
Tiegu	GCA_020567905	JADCTU01	PRJNA531381	Sus scrofa domesticus breed:Ningxiang Genome sequencing and assembly	SAMN22234319	SRR13786970	0.031884897749478114	2	HiSeq X Ten	PAIRED	WGS
Tiegu	GCA_020567905	JADCTU01	PRJNA531381	Sus scrofa domesticus breed:Ningxiang Genome sequencing and assembly	SAMN22234320	SRR13786969	0.03668928311799391	2	HiSeq X Ten	PAIRED	WGS
Tiegu	GCA_020567905	JADCTU01	PRJNA531381	Sus scrofa domesticus breed:Ningxiang Genome sequencing and assembly	SAMN22234321	SRR13786968	0.033586460970582266	2	HiSeq X Ten	PAIRED	WGS
Daweizi	GCA_020567905	JADCTU01	PRJNA531381	Sus scrofa domesticus breed:Ningxiang Genome sequencing and assembly	SAMN22234322	SRR13786967	0.037727254597484716	2	HiSeq X Ten	PAIRED	WGS
Daweizi	GCA_020567905	JADCTU01	PRJNA531381	Sus scrofa domesticus breed:Ningxiang Genome sequencing and assembly	SAMN22234323	SRR13786966	0.038728762896425906	2	HiSeq X Ten	PAIRED	WGS
Daweizi	GCA_020567905	JADCTU01	PRJNA531381	Sus scrofa domesticus breed:Ningxiang Genome sequencing and assembly	SAMN22234324	SRR13786965	0.03983113865615451	2	HiSeq X Ten	PAIRED	WGS
Daweizi	GCA_020567905	JADCTU01	PRJNA531381	Sus scrofa domesticus breed:Ningxiang Genome sequencing and assembly	SAMN22234325	SRR13786964	0.03801423011918814	2	HiSeq X Ten	PAIRED	WGS
Daweizi	GCA_020567905	JADCTU01	PRJNA531381	Sus scrofa domesticus breed:Ningxiang Genome sequencing and assembly	SAMN22234326	SRR13786963	0.03103436714718555	2	HiSeq X Ten	PAIRED	WGS
Daweizi	GCA_020567905	JADCTU01	PRJNA531381	Sus scrofa domesticus breed:Ningxiang Genome sequencing and assembly	SAMN22234327	SRR13786962	0.03395657390683482	2	HiSeq X Ten	PAIRED	WGS
Daweizi	GCA_020567905	JADCTU01	PRJNA531381	Sus scrofa domesticus breed:Ningxiang Genome sequencing and assembly	SAMN22234328	SRR13786960	0.02894390202800423	2	HiSeq X Ten	PAIRED	WGS
Shaziling	GCA_020567905	JADCTU01	PRJNA531381	Sus scrofa domesticus breed:Ningxiang Genome sequencing and assembly	SAMN22234329	SRR13786959	0.03283854107212392	2	HiSeq X Ten	PAIRED	WGS
Shaziling	GCA_020567905	JADCTU01	PRJNA531381	Sus scrofa domesticus breed:Ningxiang Genome sequencing and assembly	SAMN22234330	SRR13786958	0.03064352546516602	2	HiSeq X Ten	PAIRED	WGS
Shaziling	GCA_020567905	JADCTU01	PRJNA531381	Sus scrofa domesticus breed:Ningxiang Genome sequencing and assembly	SAMN22234331	SRR13786957	0.034135034309656476	2	HiSeq X Ten	PAIRED	WGS
Shaziling	GCA_020567905	JADCTU01	PRJNA531381	Sus scrofa domesticus breed:Ningxiang Genome sequencing and assembly	SAMN22234332	SRR13786956	0.03269154637018801	2	HiSeq X Ten	PAIRED	WGS
Shaziling	GCA_020567905	JADCTU01	PRJNA531381	Sus scrofa domesticus breed:Ningxiang Genome sequencing and assembly	SAMN22234333	SRR13786955	0.03093330059073196	2	HiSeq X Ten	PAIRED	WGS
Shaziling	GCA_020567905	JADCTU01	PRJNA531381	Sus scrofa domesticus breed:Ningxiang Genome sequencing and assembly	SAMN22234334	SRR13786954	0.029900488892053545	2	HiSeq X Ten	PAIRED	WGS
Shaziling	GCA_020567905	JADCTU01	PRJNA531381	Sus scrofa domesticus breed:Ningxiang Genome sequencing and assembly	SAMN22234335	SRR13786953	0.035342326775207766	2	HiSeq X Ten	PAIRED	WGS
cwb1	GCA_000472085	AORO02	PRJNA186497	Sus Genome sequencing and assembly	SAMN01894458	SRR652377	0.009529073783596687	2	Illumina HiSeq 2000	PAIRED	WGS
cwb1	GCA_000472085	AORO02	PRJNA186497	Sus Genome sequencing and assembly	SAMN01894459	SRR652378	0.014227899284378509	2	Illumina HiSeq 2000	PAIRED	WGS
cwb1	GCA_000472085	AORO02	PRJNA186497	Sus Genome sequencing and assembly	SAMN01894460	SRR652379	0.014255749227231718	2	Illumina HiSeq 2000	PAIRED	WGS
Hampshire	GCA_001700135	LUXX01	PRJNA309108	Sus scrofa Genome sequencing and assembly	SAMN04440474	SRR3123253	0.04129621631545888	2	Illumina HiSeq 2500	PAIRED	WGS
Hampshire	GCA_001700135	LUXX01	PRJNA309108	Sus scrofa Genome sequencing and assembly	SAMN04440474	SRR3123260	0.03208744732910418	2	Illumina HiSeq 2500	PAIRED	WGS
Hampshire	GCA_001700135	LUXX01	PRJNA309108	Sus scrofa Genome sequencing and assembly	SAMN04440474	SRR3123270	0.019455108988040593	2	Illumina HiSeq 2500	PAIRED	WGS
Hampshire	GCA_001700135	LUXX01	PRJNA309108	Sus scrofa Genome sequencing and assembly	SAMN04440474	SRR3123271	0.018821887075318955	2	Illumina HiSeq 2500	PAIRED	WGS
Hampshire	GCA_001700135	LUXX01	PRJNA309108	Sus scrofa Genome sequencing and assembly	SAMN04440474	SRR3118615	0.034143349958867475	2	Illumina HiSeq 2500	PAIRED	WGS
Hampshire	GCA_001700135	LUXX01	PRJNA309108	Sus scrofa Genome sequencing and assembly	SAMN04440474	SRR3123254	0.038560452560886915	2	Illumina HiSeq 2500	PAIRED	WGS
Berkshire	GCA_001700135	LUXX01	PRJNA309108	Sus scrofa Genome sequencing and assembly	SAMN04440475	SRR3123259	0.04139463577303104	2	Illumina HiSeq 2500	PAIRED	WGS
Berkshire	GCA_001700135	LUXX01	PRJNA309108	Sus scrofa Genome sequencing and assembly	SAMN04440475	SRR3123278	0.013637212159665069	2	Illumina HiSeq 2500	PAIRED	WGS
Berkshire	GCA_001700135	LUXX01	PRJNA309108	Sus scrofa Genome sequencing and assembly	SAMN04440475	SRR3123280	0.019113077976726345	2	Illumina HiSeq 2500	PAIRED	WGS
Berkshire	GCA_001700135	LUXX01	PRJNA309108	Sus scrofa Genome sequencing and assembly	SAMN04440475	SRR3123434	0.03782729160775489	2	Illumina HiSeq 2500	PAIRED	WGS
Berkshire	GCA_001700135	LUXX01	PRJNA309108	Sus scrofa Genome sequencing and assembly	SAMN04440475	SRR3105581	0.04117797785966104	2	Illumina HiSeq 2500	PAIRED	WGS
Berkshire	GCA_001700135	LUXX01	PRJNA309108	Sus scrofa Genome sequencing and assembly	SAMN04440475	SRR3105582	0.03718048291375453	2	Illumina HiSeq 2500	PAIRED	WGS
Landrace	GCA_001700135	LUXX01	PRJNA309108	Sus scrofa Genome sequencing and assembly	SAMN04440476	SRR3118296	0.03522309897107334	2	Illumina HiSeq 2500	PAIRED	WGS
Landrace	GCA_001700135	LUXX01	PRJNA309108	Sus scrofa Genome sequencing and assembly	SAMN04440476	SRR3123282	0.04373673265490652	2	Illumina HiSeq 2500	PAIRED	WGS
Landrace	GCA_001700135	LUXX01	PRJNA309108	Sus scrofa Genome sequencing and assembly	SAMN04440476	SRR3123332	0.013325105008334504	2	Illumina HiSeq 2500	PAIRED	WGS
Landrace	GCA_001700135	LUXX01	PRJNA309108	Sus scrofa Genome sequencing and assembly	SAMN04440476	SRR3123327	0.013938024245362612	2	Illumina HiSeq 2500	PAIRED	WGS
Landrace	GCA_001700135	LUXX01	PRJNA309108	Sus scrofa Genome sequencing and assembly	SAMN04440476	SRR3118295	0.03283381970049959	2	Illumina HiSeq 2500	PAIRED	WGS
Landrace	GCA_001700135	LUXX01	PRJNA309108	Sus scrofa Genome sequencing and assembly	SAMN04440476	SRR3123316	0.03714558312276495	2	Illumina HiSeq 2500	PAIRED	WGS
Pietrain	GCA_001700135	LUXX01	PRJNA309108	Sus scrofa Genome sequencing and assembly	SAMN04440477	SRR3123335	0.038820272147859214	2	Illumina HiSeq 2500	PAIRED	WGS
Pietrain	GCA_001700135	LUXX01	PRJNA309108	Sus scrofa Genome sequencing and assembly	SAMN04440477	SRR3123343	0.026236010156026168	2	Illumina HiSeq 2500	PAIRED	WGS
Pietrain	GCA_001700135	LUXX01	PRJNA309108	Sus scrofa Genome sequencing and assembly	SAMN04440477	SRR3123333	0.030796932494013163	2	Illumina HiSeq 2500	PAIRED	WGS
Pietrain	GCA_001700135	LUXX01	PRJNA309108	Sus scrofa Genome sequencing and assembly	SAMN04440477	SRR3123339	0.03962140356998134	2	Illumina HiSeq 2500	PAIRED	WGS
Pietrain	GCA_001700135	LUXX01	PRJNA309108	Sus scrofa Genome sequencing and assembly	SAMN04440477	SRR3123344	0.021382482298577088	2	Illumina HiSeq 2500	PAIRED	WGS
Pietrain	GCA_001700135	LUXX01	PRJNA309108	Sus scrofa Genome sequencing and assembly	SAMN04440477	SRR3123345	0.021561682700848905	2	Illumina HiSeq 2500	PAIRED	WGS
LargeWhite	GCA_001700135	LUXX01	PRJNA309108	Sus scrofa Genome sequencing and assembly	SAMN04440478	SRR3123346	0.028892862127577246	2	Illumina HiSeq 2000	PAIRED	WGS
LargeWhite	GCA_001700135	LUXX01	PRJNA309108	Sus scrofa Genome sequencing and assembly	SAMN04440478	SRR3123347	0.03782741594295658	2	Illumina HiSeq 2000	PAIRED	WGS
LargeWhite	GCA_001700135	LUXX01	PRJNA309108	Sus scrofa Genome sequencing and assembly	SAMN04440478	SRR3123348	0.033473888053777046	2	Illumina HiSeq 2500	PAIRED	WGS
LargeWhite	GCA_001700135	LUXX01	PRJNA309108	Sus scrofa Genome sequencing and assembly	SAMN04440478	SRR3123351	0.04321337984492857	2	Illumina HiSeq 2500	PAIRED	WGS
LargeWhite	GCA_001700135	LUXX01	PRJNA309108	Sus scrofa Genome sequencing and assembly	SAMN04440478	SRR3123354	0.012688118392361503	2	Illumina HiSeq 2500	PAIRED	WGS
LargeWhite	GCA_001700135	LUXX01	PRJNA309108	Sus scrofa Genome sequencing and assembly	SAMN04440478	SRR3123356	0.018001147228460468	2	Illumina HiSeq 2500	PAIRED	WGS
LargeWhite	GCA_001700135	LUXX01	PRJNA309108	Sus scrofa Genome sequencing and assembly	SAMN04440478	SRR3123360	0.005149599176547781	2	Illumina HiSeq 2500	PAIRED	WGS
Bamei	GCA_001700135	LUXX01	PRJNA309108	Sus scrofa Genome sequencing and assembly	SAMN04440479	SRR3123363	0.03515280976534996	2	Illumina HiSeq 2500	PAIRED	WGS
Bamei	GCA_001700135	LUXX01	PRJNA309108	Sus scrofa Genome sequencing and assembly	SAMN04440479	SRR3123367	0.03921809010171273	2	Illumina HiSeq 2500	PAIRED	WGS
Bamei	GCA_001700135	LUXX01	PRJNA309108	Sus scrofa Genome sequencing and assembly	SAMN04440479	SRR3123371	0.014519458453833067	2	Illumina HiSeq 2500	PAIRED	WGS
Bamei	GCA_001700135	LUXX01	PRJNA309108	Sus scrofa Genome sequencing and assembly	SAMN04440479	SRR3123365	0.032999775396092446	2	Illumina HiSeq 2500	PAIRED	WGS
Bamei	GCA_001700135	LUXX01	PRJNA309108	Sus scrofa Genome sequencing and assembly	SAMN04440479	SRR3123369	0.02433258519977244	2	Illumina HiSeq 2500	PAIRED	WGS
Bamei	GCA_001700135	LUXX01	PRJNA309108	Sus scrofa Genome sequencing and assembly	SAMN04440479	SRR3123373	0.01787238183169393	2	Illumina HiSeq 2500	PAIRED	WGS
Meishan	GCA_001700135	LUXX01	PRJNA309108	Sus scrofa Genome sequencing and assembly	SAMN04440481	SRR3123398	0.01962396380076825	2	Illumina HiSeq 2500	PAIRED	WGS
Meishan	GCA_001700135	LUXX01	PRJNA309108	Sus scrofa Genome sequencing and assembly	SAMN04440481	SRR3123401	0.04145194122520479	2	Illumina HiSeq 2500	PAIRED	WGS
Meishan	GCA_001700135	LUXX01	PRJNA309108	Sus scrofa Genome sequencing and assembly	SAMN04440481	SRR3123405	0.031301211461141065	2	Illumina HiSeq 2500	PAIRED	WGS
Meishan	GCA_001700135	LUXX01	PRJNA309108	Sus scrofa Genome sequencing and assembly	SAMN04440481	SRR3123403	0.041649059025075985	2	Illumina HiSeq 2500	PAIRED	WGS
Meishan	GCA_001700135	LUXX01	PRJNA309108	Sus scrofa Genome sequencing and assembly	SAMN04440481	SRR3123409	0.016157409202605777	2	Illumina HiSeq 2500	PAIRED	WGS
Meishan	GCA_001700135	LUXX01	PRJNA309108	Sus scrofa Genome sequencing and assembly	SAMN04440481	SRR3123410	0.02073028166523727	2	Illumina HiSeq 2500	PAIRED	WGS
Rongchang	GCA_001700135	LUXX01	PRJNA309108	Sus scrofa Genome sequencing and assembly	SAMN04440482	SRR3123392	0.038441832552962296	2	Illumina HiSeq 2500	PAIRED	WGS
Rongchang	GCA_001700135	LUXX01	PRJNA309108	Sus scrofa Genome sequencing and assembly	SAMN04440482	SRR3123396	0.009392653279974184	2	Illumina HiSeq 2500	PAIRED	WGS
Rongchang	GCA_001700135	LUXX01	PRJNA309108	Sus scrofa Genome sequencing and assembly	SAMN04440482	SRR3123391	0.03502539963119489	2	Illumina HiSeq 2500	PAIRED	WGS
Rongchang	GCA_001700135	LUXX01	PRJNA309108	Sus scrofa Genome sequencing and assembly	SAMN04440482	SRR3123393	0.03941806059992814	2	Illumina HiSeq 2500	PAIRED	WGS
Rongchang	GCA_001700135	LUXX01	PRJNA309108	Sus scrofa Genome sequencing and assembly	SAMN04440482	SRR3123394	0.033826108932771604	2	Illumina HiSeq 2500	PAIRED	WGS
Rongchang	GCA_001700135	LUXX01	PRJNA309108	Sus scrofa Genome sequencing and assembly	SAMN04440482	SRR3123395	0.008505219354447036	2	Illumina HiSeq 2500	PAIRED	WGS
Rongchang	GCA_001700135	LUXX01	PRJNA309108	Sus scrofa Genome sequencing and assembly	SAMN04440482	SRR3123397	0.006047658413990575	2	Illumina HiSeq 2500	PAIRED	WGS
USMARC	GCA_002844635	NPJO01	PRJNA392765	Sus scrofa isolate:201423004 | breed:Cross-bred Genome sequencing and assembly	SAMN07325927	SRR5815342	0.014000373219460016	2	NextSeq 500	PAIRED	WGS
USMARC	GCA_002844635	NPJO01	PRJNA392765	Sus scrofa isolate:201423004 | breed:Cross-bred Genome sequencing and assembly	SAMN07325927	SRR5815343	0.013025146336076432	2	NextSeq 500	PAIRED	WGS
USMARC	GCA_002844635	NPJO01	PRJNA392765	Sus scrofa isolate:201423004 | breed:Cross-bred Genome sequencing and assembly	SAMN07325927	SRR5815344	0.014186912419063447	2	NextSeq 500	PAIRED	WGS
USMARC	GCA_002844635	NPJO01	PRJNA392765	Sus scrofa isolate:201423004 | breed:Cross-bred Genome sequencing and assembly	SAMN07325927	SRR5815345	0.013135316231455363	2	NextSeq 500	PAIRED	WGS
USMARC	GCA_002844635	NPJO01	PRJNA392765	Sus scrofa isolate:201423004 | breed:Cross-bred Genome sequencing and assembly	SAMN07325927	SRR5815347	0.027400622527238738	2	NextSeq 500	PAIRED	WGS
USMARC	GCA_002844635	NPJO01	PRJNA392765	Sus scrofa isolate:201423004 | breed:Cross-bred Genome sequencing and assembly	SAMN07325927	SRR5815367	0.027213358913286356	2	NextSeq 500	PAIRED	WGS
USMARC	GCA_002844635	NPJO01	PRJNA392765	Sus scrofa isolate:201423004 | breed:Cross-bred Genome sequencing and assembly	SAMN07325927	SRR5815536	0.019665126397740096	2	NextSeq 500	PAIRED	WGS
USMARC	GCA_002844635	NPJO01	PRJNA392765	Sus scrofa isolate:201423004 | breed:Cross-bred Genome sequencing and assembly	SAMN07325927	SRR5815266	0.014262644869631913	2	NextSeq 500	PAIRED	WGS
USMARC	GCA_002844635	NPJO01	PRJNA392765	Sus scrofa isolate:201423004 | breed:Cross-bred Genome sequencing and assembly	SAMN07325927	SRR5815362	0.01509331983197626	2	NextSeq 500	PAIRED	WGS
USMARC	GCA_002844635	NPJO01	PRJNA392765	Sus scrofa isolate:201423004 | breed:Cross-bred Genome sequencing and assembly	SAMN07325927	SRR5815412	0.02661194986467308	2	NextSeq 500	PAIRED	WGS
USMARC	GCA_002844635	NPJO01	PRJNA392765	Sus scrofa isolate:201423004 | breed:Cross-bred Genome sequencing and assembly	SAMN07325927	SRR5815486	0.02086201697602519	2	NextSeq 500	PAIRED	WGS
USMARC	GCA_002844635	NPJO01	PRJNA392765	Sus scrofa isolate:201423004 | breed:Cross-bred Genome sequencing and assembly	SAMN07325927	SRR5815489	0.021553797477281478	2	NextSeq 500	PAIRED	WGS
USMARC	GCA_002844635	NPJO01	PRJNA392765	Sus scrofa isolate:201423004 | breed:Cross-bred Genome sequencing and assembly	SAMN07325927	SRR5815346	0.028144873355813615	2	NextSeq 500	PAIRED	WGS
USMARC	GCA_002844635	NPJO01	PRJNA392765	Sus scrofa isolate:201423004 | breed:Cross-bred Genome sequencing and assembly	SAMN07325927	SRR5815348	0.022626686487456027	2	NextSeq 500	PAIRED	WGS
USMARC	GCA_002844635	NPJO01	PRJNA392765	Sus scrofa isolate:201423004 | breed:Cross-bred Genome sequencing and assembly	SAMN07325927	SRR5815349	0.022509992008053814	2	NextSeq 500	PAIRED	WGS
USMARC	GCA_002844635	NPJO01	PRJNA392765	Sus scrofa isolate:201423004 | breed:Cross-bred Genome sequencing and assembly	SAMN07325927	SRR5815488	0.023397485433633847	2	NextSeq 500	PAIRED	WGS
Bama-miniature	GCA_007644095	SIDA01	PRJNA478804	Sus scrofa Genome sequencing and assembly	SAMN09531794	SRR7760074	0.008761008815781679	2	HiSeq X Ten	PAIRED	WGS
Bama-miniature	GCA_007644095	SIDA01	PRJNA478804	Sus scrofa Genome sequencing and assembly	SAMN09531794	SRR7760077	0.00888062822559732	2	HiSeq X Ten	PAIRED	WGS
Bama-miniature	GCA_007644095	SIDA01	PRJNA478804	Sus scrofa Genome sequencing and assembly	SAMN09531794	SRR7760079	0.004963176714227302	2	HiSeq X Ten	PAIRED	WGS
Bama-miniature	GCA_007644095	SIDA01	PRJNA478804	Sus scrofa Genome sequencing and assembly	SAMN09531794	SRR7760080	0.0007493489083572058	2	HiSeq X Ten	PAIRED	WGS
Bama-miniature	GCA_007644095	SIDA01	PRJNA478804	Sus scrofa Genome sequencing and assembly	SAMN09531794	SRR7760082	0.004592142215187778	2	HiSeq X Ten	PAIRED	WGS
Bama-miniature	GCA_007644095	SIDA01	PRJNA478804	Sus scrofa Genome sequencing and assembly	SAMN09531794	SRR7760083	0.024096623603327316	2	HiSeq X Ten	PAIRED	WGS
Bama-miniature	GCA_007644095	SIDA01	PRJNA478804	Sus scrofa Genome sequencing and assembly	SAMN09531794	SRR7760084	0.05903162692266051	2	HiSeq X Ten	PAIRED	WGS
Bama-miniature	GCA_007644095	SIDA01	PRJNA478804	Sus scrofa Genome sequencing and assembly	SAMN09531794	SRR7760090	0.0014163328178256052	2	HiSeq X Ten	PAIRED	WGS
Bama-miniature	GCA_007644095	SIDA01	PRJNA478804	Sus scrofa Genome sequencing and assembly	SAMN09531794	SRR7760095	0.004202137942229456	2	HiSeq X Ten	PAIRED	WGS
Bama-miniature	GCA_007644095	SIDA01	PRJNA478804	Sus scrofa Genome sequencing and assembly	SAMN09531794	SRR7760098	0.00425273160362849	2	HiSeq X Ten	PAIRED	WGS
Bama-miniature	GCA_007644095	SIDA01	PRJNA478804	Sus scrofa Genome sequencing and assembly	SAMN09531794	SRR7760102	0.0031969057281457935	2	HiSeq X Ten	PAIRED	WGS
Bama-miniature	GCA_007644095	SIDA01	PRJNA478804	Sus scrofa Genome sequencing and assembly	SAMN09531794	SRR7760103	0.004729932475129317	2	HiSeq X Ten	PAIRED	WGS
Bama-miniature	GCA_007644095	SIDA01	PRJNA478804	Sus scrofa Genome sequencing and assembly	SAMN09531794	SRR7760111	0.005400092314630456	2	HiSeq X Ten	PAIRED	WGS
Bama-miniature	GCA_007644095	SIDA01	PRJNA478804	Sus scrofa Genome sequencing and assembly	SAMN09531794	SRR7760119	0.024619729751975683	2	HiSeq X Ten	PAIRED	WGS
Bama-miniature	GCA_007644095	SIDA01	PRJNA478804	Sus scrofa Genome sequencing and assembly	SAMN09531794	SRR7760120	0.02811200338874187	2	HiSeq X Ten	PAIRED	WGS
Bama-miniature	GCA_007644095	SIDA01	PRJNA478804	Sus scrofa Genome sequencing and assembly	SAMN09531794	SRR8449986	0.0873910693835569	2	HiSeq X Ten	PAIRED	WGS
Bama-miniature	GCA_007644095	SIDA01	PRJNA478804	Sus scrofa Genome sequencing and assembly	SAMN09531794	SRR8490196	0.006988841231759579	2	HiSeq X Ten	PAIRED	WGS
Bama-miniature	GCA_007644095	SIDA01	PRJNA478804	Sus scrofa Genome sequencing and assembly	SAMN09531794	SRR8490197	0.007115252599760424	2	HiSeq X Ten	PAIRED	WGS
Bama-miniature	GCA_007644095	SIDA01	PRJNA478804	Sus scrofa Genome sequencing and assembly	SAMN09531794	SRR8490200	0.006541125772855594	2	HiSeq X Ten	PAIRED	WGS
Bama-miniature	GCA_007644095	SIDA01	PRJNA478804	Sus scrofa Genome sequencing and assembly	SAMN09531794	SRR8490201	0.006706073863824713	2	HiSeq X Ten	PAIRED	WGS
Bama-miniature	GCA_007644095	SIDA01	PRJNA478804	Sus scrofa Genome sequencing and assembly	SAMN09531794	SRR8490205	0.006044188189662236	2	HiSeq X Ten	PAIRED	WGS
Bama-miniature	GCA_007644095	SIDA01	PRJNA478804	Sus scrofa Genome sequencing and assembly	SAMN09531794	SRR8490207	0.006124957702013489	2	HiSeq X Ten	PAIRED	WGS
Bama-miniature	GCA_007644095	SIDA01	PRJNA478804	Sus scrofa Genome sequencing and assembly	SAMN09531794	SRR8523736	0.012162537321273703	2	HiSeq X Ten	PAIRED	WGS
Bama-miniature	GCA_007644095	SIDA01	PRJNA478804	Sus scrofa Genome sequencing and assembly	SAMN09531794	SRR8523739	0.011313473097288806	2	HiSeq X Ten	PAIRED	WGS
Bama-miniature	GCA_007644095	SIDA01	PRJNA478804	Sus scrofa Genome sequencing and assembly	SAMN09531794	SRR8523743	0.01231891601037205	2	HiSeq X Ten	PAIRED	WGS
Bama-miniature	GCA_007644095	SIDA01	PRJNA478804	Sus scrofa Genome sequencing and assembly	SAMN09531794	SRR8523744	0.012817326644835703	2	HiSeq X Ten	PAIRED	WGS
Bama-miniature	GCA_007644095	SIDA01	PRJNA478804	Sus scrofa Genome sequencing and assembly	SAMN09531794	SRR8523748	0.013932579074207752	2	HiSeq X Ten	PAIRED	WGS
Bama-miniature	GCA_007644095	SIDA01	PRJNA478804	Sus scrofa Genome sequencing and assembly	SAMN09531794	SRR8523752	0.01208753946593788	2	HiSeq X Ten	PAIRED	WGS
Bama-miniature	GCA_007644095	SIDA01	PRJNA478804	Sus scrofa Genome sequencing and assembly	SAMN09531794	SRR8523754	0.012796583175259002	2	HiSeq X Ten	PAIRED	WGS
Bama-miniature	GCA_007644095	SIDA01	PRJNA478804	Sus scrofa Genome sequencing and assembly	SAMN09531794	SRR8523756	0.01228551958593016	2	HiSeq X Ten	PAIRED	WGS
Bama-miniature	GCA_007644095	SIDA01	PRJNA478804	Sus scrofa Genome sequencing and assembly	SAMN09531794	SRR7760075	0.008902789882085926	2	HiSeq X Ten	PAIRED	WGS
Bama-miniature	GCA_007644095	SIDA01	PRJNA478804	Sus scrofa Genome sequencing and assembly	SAMN09531794	SRR7760076	0.0006781733873140183	2	HiSeq X Ten	PAIRED	WGS
Bama-miniature	GCA_007644095	SIDA01	PRJNA478804	Sus scrofa Genome sequencing and assembly	SAMN09531794	SRR7760086	0.006008532878695405	2	HiSeq X Ten	PAIRED	WGS
Bama-miniature	GCA_007644095	SIDA01	PRJNA478804	Sus scrofa Genome sequencing and assembly	SAMN09531794	SRR7760087	0.0060927988233743235	2	HiSeq X Ten	PAIRED	WGS
Bama-miniature	GCA_007644095	SIDA01	PRJNA478804	Sus scrofa Genome sequencing and assembly	SAMN09531794	SRR7760089	0.01553153737768298	2	HiSeq X Ten	PAIRED	WGS
Bama-miniature	GCA_007644095	SIDA01	PRJNA478804	Sus scrofa Genome sequencing and assembly	SAMN09531794	SRR7760091	0.004288457001166535	2	HiSeq X Ten	PAIRED	WGS
Bama-miniature	GCA_007644095	SIDA01	PRJNA478804	Sus scrofa Genome sequencing and assembly	SAMN09531794	SRR7760092	0.004434789292645291	2	HiSeq X Ten	PAIRED	WGS
Bama-miniature	GCA_007644095	SIDA01	PRJNA478804	Sus scrofa Genome sequencing and assembly	SAMN09531794	SRR7760096	0.004040926423840574	2	HiSeq X Ten	PAIRED	WGS
Bama-miniature	GCA_007644095	SIDA01	PRJNA478804	Sus scrofa Genome sequencing and assembly	SAMN09531794	SRR7760097	0.004194885443212115	2	HiSeq X Ten	PAIRED	WGS
Bama-miniature	GCA_007644095	SIDA01	PRJNA478804	Sus scrofa Genome sequencing and assembly	SAMN09531794	SRR7760105	0.006060641377189313	2	HiSeq X Ten	PAIRED	WGS
Bama-miniature	GCA_007644095	SIDA01	PRJNA478804	Sus scrofa Genome sequencing and assembly	SAMN09531794	SRR7760107	0.0034046147538902005	2	HiSeq X Ten	PAIRED	WGS
Bama-miniature	GCA_007644095	SIDA01	PRJNA478804	Sus scrofa Genome sequencing and assembly	SAMN09531794	SRR7760108	0.0033932301066670334	2	HiSeq X Ten	PAIRED	WGS
Bama-miniature	GCA_007644095	SIDA01	PRJNA478804	Sus scrofa Genome sequencing and assembly	SAMN09531794	SRR7760109	0.020120287750614807	2	HiSeq X Ten	PAIRED	WGS
Bama-miniature	GCA_007644095	SIDA01	PRJNA478804	Sus scrofa Genome sequencing and assembly	SAMN09531794	SRR7760112	0.017859341192888678	2	HiSeq X Ten	PAIRED	WGS
Bama-miniature	GCA_007644095	SIDA01	PRJNA478804	Sus scrofa Genome sequencing and assembly	SAMN09531794	SRR7760113	0.004323024719269597	2	HiSeq X Ten	PAIRED	WGS
Bama-miniature	GCA_007644095	SIDA01	PRJNA478804	Sus scrofa Genome sequencing and assembly	SAMN09531794	SRR7760114	0.005034715532019618	2	HiSeq X Ten	PAIRED	WGS
Bama-miniature	GCA_007644095	SIDA01	PRJNA478804	Sus scrofa Genome sequencing and assembly	SAMN09531794	SRR7760121	0.01740306351257459	2	HiSeq X Ten	PAIRED	WGS
Bama-miniature	GCA_007644095	SIDA01	PRJNA478804	Sus scrofa Genome sequencing and assembly	SAMN09531794	SRR7760122	0.015119826496629685	2	HiSeq X Ten	PAIRED	WGS
Bama-miniature	GCA_007644095	SIDA01	PRJNA478804	Sus scrofa Genome sequencing and assembly	SAMN09531794	SRR7760123	0.015215812738460954	2	HiSeq X Ten	PAIRED	WGS
Bama-miniature	GCA_007644095	SIDA01	PRJNA478804	Sus scrofa Genome sequencing and assembly	SAMN09531794	SRR8449987	0.08822865927049861	2	HiSeq X Ten	PAIRED	WGS
Bama-miniature	GCA_007644095	SIDA01	PRJNA478804	Sus scrofa Genome sequencing and assembly	SAMN09531794	SRR8490202	0.005994629913402605	2	HiSeq X Ten	PAIRED	WGS
Bama-miniature	GCA_007644095	SIDA01	PRJNA478804	Sus scrofa Genome sequencing and assembly	SAMN09531794	SRR8490203	0.005901542784158664	2	HiSeq X Ten	PAIRED	WGS
Bama-miniature	GCA_007644095	SIDA01	PRJNA478804	Sus scrofa Genome sequencing and assembly	SAMN09531794	SRR8490204	0.0062100230825308245	2	HiSeq X Ten	PAIRED	WGS
Bama-miniature	GCA_007644095	SIDA01	PRJNA478804	Sus scrofa Genome sequencing and assembly	SAMN09531794	SRR8523741	0.00999298340138921	2	HiSeq X Ten	PAIRED	WGS
Bama-miniature	GCA_007644095	SIDA01	PRJNA478804	Sus scrofa Genome sequencing and assembly	SAMN09531794	SRR8523753	0.012308403735914908	2	HiSeq X Ten	PAIRED	WGS
Bama-miniature	GCA_007644095	SIDA01	PRJNA478804	Sus scrofa Genome sequencing and assembly	SAMN09531794	SRR7760078	0.0006844886411272455	2	HiSeq X Ten	PAIRED	WGS
Bama-miniature	GCA_007644095	SIDA01	PRJNA478804	Sus scrofa Genome sequencing and assembly	SAMN09531794	SRR7760081	0.005016763928324508	2	HiSeq X Ten	PAIRED	WGS
Bama-miniature	GCA_007644095	SIDA01	PRJNA478804	Sus scrofa Genome sequencing and assembly	SAMN09531794	SRR7760085	0.033481633883639006	2	HiSeq X Ten	PAIRED	WGS
Bama-miniature	GCA_007644095	SIDA01	PRJNA478804	Sus scrofa Genome sequencing and assembly	SAMN09531794	SRR7760088	0.004279540473362431	2	HiSeq X Ten	PAIRED	WGS
Bama-miniature	GCA_007644095	SIDA01	PRJNA478804	Sus scrofa Genome sequencing and assembly	SAMN09531794	SRR7760099	0.0034917274615509086	2	HiSeq X Ten	PAIRED	WGS
Bama-miniature	GCA_007644095	SIDA01	PRJNA478804	Sus scrofa Genome sequencing and assembly	SAMN09531794	SRR7760101	0.003912761884748761	2	HiSeq X Ten	PAIRED	WGS
Bama-miniature	GCA_007644095	SIDA01	PRJNA478804	Sus scrofa Genome sequencing and assembly	SAMN09531794	SRR7760104	0.004762425282933691	2	HiSeq X Ten	PAIRED	WGS
Bama-miniature	GCA_007644095	SIDA01	PRJNA478804	Sus scrofa Genome sequencing and assembly	SAMN09531794	SRR7760106	0.012650081121137191	2	HiSeq X Ten	PAIRED	WGS
Bama-miniature	GCA_007644095	SIDA01	PRJNA478804	Sus scrofa Genome sequencing and assembly	SAMN09531794	SRR7760110	0.005332780924618419	2	HiSeq X Ten	PAIRED	WGS
Bama-miniature	GCA_007644095	SIDA01	PRJNA478804	Sus scrofa Genome sequencing and assembly	SAMN09531794	SRR7760115	0.005600778924417682	2	HiSeq X Ten	PAIRED	WGS
Bama-miniature	GCA_007644095	SIDA01	PRJNA478804	Sus scrofa Genome sequencing and assembly	SAMN09531794	SRR7760116	0.0007773762999931932	2	HiSeq X Ten	PAIRED	WGS
Bama-miniature	GCA_007644095	SIDA01	PRJNA478804	Sus scrofa Genome sequencing and assembly	SAMN09531794	SRR7760117	0.005547644471334934	2	HiSeq X Ten	PAIRED	WGS
Bama-miniature	GCA_007644095	SIDA01	PRJNA478804	Sus scrofa Genome sequencing and assembly	SAMN09531794	SRR7760118	0.005635001675727835	2	HiSeq X Ten	PAIRED	WGS
Bama-miniature	GCA_007644095	SIDA01	PRJNA478804	Sus scrofa Genome sequencing and assembly	SAMN09531794	SRR8490198	0.007272477920196252	2	HiSeq X Ten	PAIRED	WGS
Bama-miniature	GCA_007644095	SIDA01	PRJNA478804	Sus scrofa Genome sequencing and assembly	SAMN09531794	SRR8490199	0.00768140540458262	2	HiSeq X Ten	PAIRED	WGS
Bama-miniature	GCA_007644095	SIDA01	PRJNA478804	Sus scrofa Genome sequencing and assembly	SAMN09531794	SRR8490206	0.006730935870109533	2	HiSeq X Ten	PAIRED	WGS
Bama-miniature	GCA_007644095	SIDA01	PRJNA478804	Sus scrofa Genome sequencing and assembly	SAMN09531794	SRR8523737	0.013982251449306204	2	HiSeq X Ten	PAIRED	WGS
Bama-miniature	GCA_007644095	SIDA01	PRJNA478804	Sus scrofa Genome sequencing and assembly	SAMN09531794	SRR8523738	0.012808352305910375	2	HiSeq X Ten	PAIRED	WGS
Bama-miniature	GCA_007644095	SIDA01	PRJNA478804	Sus scrofa Genome sequencing and assembly	SAMN09531794	SRR8523740	0.011748871581403364	2	HiSeq X Ten	PAIRED	WGS
Bama-miniature	GCA_007644095	SIDA01	PRJNA478804	Sus scrofa Genome sequencing and assembly	SAMN09531794	SRR8523742	0.0018299622115591774	2	HiSeq X Ten	PAIRED	WGS
Bama-miniature	GCA_007644095	SIDA01	PRJNA478804	Sus scrofa Genome sequencing and assembly	SAMN09531794	SRR8523745	0.01198713341000257	2	HiSeq X Ten	PAIRED	WGS
Bama-miniature	GCA_007644095	SIDA01	PRJNA478804	Sus scrofa Genome sequencing and assembly	SAMN09531794	SRR8523746	0.011463707509392407	2	HiSeq X Ten	PAIRED	WGS
Bama-miniature	GCA_007644095	SIDA01	PRJNA478804	Sus scrofa Genome sequencing and assembly	SAMN09531794	SRR8523747	0.01286739165243489	2	HiSeq X Ten	PAIRED	WGS
Bama-miniature	GCA_007644095	SIDA01	PRJNA478804	Sus scrofa Genome sequencing and assembly	SAMN09531794	SRR8523749	0.011215616323170252	2	HiSeq X Ten	PAIRED	WGS
Bama-miniature	GCA_007644095	SIDA01	PRJNA478804	Sus scrofa Genome sequencing and assembly	SAMN09531794	SRR8523750	0.010974546633406135	2	HiSeq X Ten	PAIRED	WGS
Bama-miniature	GCA_007644095	SIDA01	PRJNA478804	Sus scrofa Genome sequencing and assembly	SAMN09531794	SRR8523751	0.0005664082109433366	2	HiSeq X Ten	PAIRED	WGS
Bama-miniature	GCA_007644095	SIDA01	PRJNA478804	Sus scrofa Genome sequencing and assembly	SAMN09531794	SRR8523755	0.014325860125609324	2	HiSeq X Ten	PAIRED	WGS
Duroc	GCA_015776825	JACDOW01	PRJNA645268	Sus scrofa isolate:CAU-QG-20150412 | breed:Duroc Genome sequencing	SAMN15501053	SRR12198454	0.017442104801375535	2	Illumina HiSeq 2000	PAIRED	WGS
Duroc	GCA_015776825	JACDOW01	PRJNA645268	Sus scrofa isolate:CAU-QG-20150412 | breed:Duroc Genome sequencing	SAMN15501053	SRR12198477	0.01601856897923426	2	Illumina HiSeq 2000	PAIRED	WGS
Duroc	GCA_015776825	JACDOW01	PRJNA645268	Sus scrofa isolate:CAU-QG-20150412 | breed:Duroc Genome sequencing	SAMN15501053	SRR12198455	0.019032432219319162	2	Illumina HiSeq 2000	PAIRED	WGS
Duroc	GCA_015776825	JACDOW01	PRJNA645268	Sus scrofa isolate:CAU-QG-20150412 | breed:Duroc Genome sequencing	SAMN15501053	SRR12198466	0.01892871709969768	2	Illumina HiSeq 2000	PAIRED	WGS
Duroc	GCA_015776825	JACDOW01	PRJNA645268	Sus scrofa isolate:CAU-QG-20150412 | breed:Duroc Genome sequencing	SAMN15501053	SRR12198499	0.02748796941978071	2	Illumina HiSeq 2000	PAIRED	WGS
Duroc	GCA_015776825	JACDOW01	PRJNA645268	Sus scrofa isolate:CAU-QG-20150412 | breed:Duroc Genome sequencing	SAMN15501053	SRR12198510	0.027437754514721746	2	Illumina HiSeq 2000	PAIRED	WGS
Duroc	GCA_015776825	JACDOW01	PRJNA645268	Sus scrofa isolate:CAU-QG-20150412 | breed:Duroc Genome sequencing	SAMN15501053	SRR12198521	0.027496178321598563	2	Illumina HiSeq 2000	PAIRED	WGS
Duroc	GCA_015776825	JACDOW01	PRJNA645268	Sus scrofa isolate:CAU-QG-20150412 | breed:Duroc Genome sequencing	SAMN15501053	SRR12198488	0.01585553754830471	2	Illumina HiSeq 2000	PAIRED	WGS
Duroc	GCA_015776825	JACDOW01	PRJNA645268	Sus scrofa isolate:CAU-QG-20150412 | breed:Duroc Genome sequencing	SAMN15501053	SRR12198532	0.02725510826712707	2	Illumina HiSeq 2000	PAIRED	WGS
Duroc	GCA_015776825	JACDOW01	PRJNA645268	Sus scrofa isolate:CAU-QG-20150412 | breed:Duroc Genome sequencing	SAMN15501053	SRR12198533	0.0268724888755969	2	Illumina HiSeq 2000	PAIRED	WGS
Remaining	GCA_018555405	JAEUXQ01	PRJNA692075	Infectivity assessment of porcine endogenous retrovirus using high-throughput sequencing technologies	SAMN17319783	SRR13441378	0.004187800502222672	2	Illumina HiSeq 2500	PAIRED	RNA-Seq
Remaining	GCA_018555405	JAEUXQ01	PRJNA692075	Infectivity assessment of porcine endogenous retrovirus using high-throughput sequencing technologies	SAMN17319784	SRR13441377	0.012025463711324846	2	Illumina NovaSeq 6000	PAIRED	RNA-Seq
Remaining	GCA_018555405	JAEUXQ01	PRJNA692075	Infectivity assessment of porcine endogenous retrovirus using high-throughput sequencing technologies	SAMN17319785	SRR13441376	0.011471080131741473	2	Illumina NovaSeq 6000	PAIRED	RNA-Seq
